{
  "project_info": {
    "project_number": "643472614222",
    "project_id": "segtest22-82ba1",
    "storage_bucket": "segtest22-82ba1.appspot.com"
  },
  "client": [
    {
      "client_info": {
        "mobilesdk_app_id": "1:643472614222:android:20be3115803b311647341f",
        "android_client_info": {
          "package_name": "com.example.test5"
        }
      },
      "oauth_client": [],
      "api_key": [
        {
          "current_key": "AIzaSyChJcpY17bkx3MUqtoh_98dTOC9DQvW_HY"
        }
      ],
      "services": {
        "appinvite_service": {
          "other_platform_oauth_client": []
        }
      }
    }
  ],
  "configuration_version": "1"
}